# cervantes,dickens,flaubert,galdos,hugo,joyce,manzoni,maupassant,melville,pardo_bazan,proust,twain,woolf,zola
65,0,0,0,0,0,0,0,0,2,0,0,0,0
0,81,0,0,0,0,0,0,1,0,0,1,0,0
0,0,19,0,0,0,0,0,0,0,0,0,0,0
0,0,0,44,0,0,0,0,0,28,0,0,0,0
0,6,0,0,85,1,0,0,7,0,0,11,0,0
0,0,0,0,0,19,0,0,0,0,0,0,0,0
0,0,0,0,0,0,41,0,0,0,0,0,0,0
0,42,0,0,1,8,0,43,6,0,0,12,0,0
0,3,0,0,0,0,0,0,27,0,0,0,0,0
0,0,0,0,0,0,0,0,0,8,0,0,0,0
0,0,0,0,0,0,0,0,0,0,43,0,0,0
0,0,0,0,0,0,0,0,0,0,0,36,0,0
0,3,1,0,0,0,0,0,1,0,0,2,22,0
0,0,0,0,0,0,0,0,0,0,0,0,0,36
